{
  "pca_variance_all": {
    "n_features": 31,
    "n_components_95pct": 8,
    "n_components_99pct": 11,
    "explained_variance_ratio": [
      0.4952566344758376,
      0.2026415144076464,
      0.06498632503800748,
      0.055326427079032826,
      0.042749039913820314,
      0.04036039011274509,
      0.03337764651821576,
      0.020891560099551426,
      0.0151429645645278,
      0.012318259584980552,
      0.008673291807873237,
      0.0037037985119672883,
      0.0023896631395377925,
      0.001144239898817111,
      0.000534372967329222,
      0.0003733338195161694,
      6.732798740618436e-05,
      4.098195240283954e-05,
      1.3353606219949859e-05,
      3.3245414998394698e-06,
      2.824081164091959e-06,
      1.8992912972811426e-06,
      8.266006037008236e-07,
      4.419859395262237e-34
    ],
    "cumulative_variance": [
      0.4952566344758376,
      0.697898148883484,
      0.7628844739214915,
      0.8182109010005243,
      0.8609599409143446,
      0.9013203310270896,
      0.9346979775453054,
      0.9555895376448568,
      0.9707325022093846,
      0.9830507617943651,
      0.9917240536022384,
      0.9954278521142057,
      0.9978175152537435,
      0.9989617551525606,
      0.9994961281198899,
      0.9998694619394061,
      0.9999367899268122,
      0.9999777718792151,
      0.999991125485435,
      0.9999944500269349,
      0.999997274108099,
      0.9999991733993963,
      1.0,
      1.0
    ]
  },
  "pca_variance_no_life_exp": {
    "n_features": 30,
    "n_components_95pct": 8,
    "n_components_99pct": 11,
    "explained_variance_ratio": [
      0.484010776612176,
      0.2071046292701279,
      0.06693903043145827,
      0.0571635492704237,
      0.04399849736434369,
      0.04170567804386373,
      0.03345070175356938,
      0.020109621012089945,
      0.01564450342299076,
      0.012692834756619961,
      0.00876841372237751,
      0.0037631111473132063,
      0.0024351742556420176,
      0.0011816101423068207,
      0.0005272474515834125,
      0.0003747994630753653,
      6.942056133150933e-05,
      3.993279022712489e-05,
      1.373501971374887e-05,
      3.3651884080163235e-06,
      1.984383227147077e-06,
      1.0930637916485638e-06,
      2.9087333917473194e-07,
      1.4281304849224803e-34
    ],
    "cumulative_variance": [
      0.484010776612176,
      0.6911154058823039,
      0.7580544363137622,
      0.8152179855841859,
      0.8592164829485296,
      0.9009221609923933,
      0.9343728627459627,
      0.9544824837580526,
      0.9701269871810433,
      0.9828198219376633,
      0.9915882356600407,
      0.9953513468073539,
      0.9977865210629959,
      0.9989681312053027,
      0.9994953786568861,
      0.9998701781199615,
      0.999939598681293,
      0.9999795314715201,
      0.9999932664912339,
      0.9999966316796419,
      0.9999986160628691,
      0.9999997091266608,
      1.0,
      1.0
    ]
  },
  "results": [
    {
      "model": "Random Forest",
      "tag": "pca_all",
      "n_components_requested": 8,
      "n_components_actual": 8,
      "best_params": {
        "n_estimators": 100,
        "max_depth": 3,
        "min_samples_leaf": 1,
        "random_state": 42,
        "n_jobs": -1
      },
      "test_metrics": {
        "RMSE": 0.6682198477696778,
        "MAE": 0.6655870595238405,
        "R2": -48.76133229728549,
        "MAPE(%)": 0.8524316751908722
      },
      "pc_importances": {
        "PC1": 0.8054037526762863,
        "PC2": 0.09407623264163671,
        "PC3": 0.01222454057931199,
        "PC4": 0.008360641420140718,
        "PC5": 0.003927418665543644,
        "PC6": 0.022467109280334494,
        "PC7": 0.044764233621764196,
        "PC8": 0.008776071114982008
      },
      "cv_mean_rmse": 1.4983914583766729,
      "cv_fold_rmses": [
        1.4878086234542813,
        1.3728665409040235,
        1.9058651179810813,
        1.2270255511673047
      ]
    },
    {
      "model": "XGBoost",
      "tag": "pca_all",
      "n_components_requested": 8,
      "n_components_actual": 8,
      "best_params": {
        "n_estimators": 300,
        "max_depth": 2,
        "learning_rate": 0.05,
        "subsample": 1.0,
        "reg_lambda": 1,
        "objective": "reg:squarederror",
        "random_state": 42,
        "verbosity": 0
      },
      "test_metrics": {
        "RMSE": 0.36229224547030153,
        "MAE": 0.3475798645019559,
        "R2": -13.627541342239672,
        "MAPE(%)": 0.44504802826098727
      },
      "pc_importances": {
        "PC1": 0.5372198224067688,
        "PC2": 0.3695555031299591,
        "PC3": 0.0322377011179924,
        "PC4": 0.0020043598487973213,
        "PC5": 0.0017103502759709954,
        "PC6": 0.001928828307427466,
        "PC7": 0.053968530148267746,
        "PC8": 0.0013748647179454565
      },
      "cv_mean_rmse": 1.1983909330130005,
      "cv_fold_rmses": [
        0.9519844406935658,
        0.9487005823015963,
        2.022019277568749,
        0.8708594314880912
      ]
    },
    {
      "model": "Random Forest",
      "tag": "pca_no_life_exp",
      "n_components_requested": 8,
      "n_components_actual": 8,
      "best_params": {
        "n_estimators": 100,
        "max_depth": 5,
        "min_samples_leaf": 1,
        "random_state": 42,
        "n_jobs": -1
      },
      "test_metrics": {
        "RMSE": 0.697282255528679,
        "MAE": 0.6935875000001168,
        "R2": -53.18392782667034,
        "MAPE(%)": 0.8882841479792314
      },
      "pc_importances": {
        "PC1": 0.7690393699327605,
        "PC2": 0.09789216064559261,
        "PC3": 0.015625447556599784,
        "PC4": 0.008477197500598208,
        "PC5": 0.007024987299952386,
        "PC6": 0.05263842117592829,
        "PC7": 0.04109489079134552,
        "PC8": 0.008207525097222631
      },
      "cv_mean_rmse": 1.553580708680273,
      "cv_fold_rmses": [
        1.5974157873186716,
        1.1921439911143468,
        2.2769894397482573,
        1.1477736165398167
      ]
    },
    {
      "model": "XGBoost",
      "tag": "pca_no_life_exp",
      "n_components_requested": 8,
      "n_components_actual": 8,
      "best_params": {
        "n_estimators": 200,
        "max_depth": 5,
        "learning_rate": 0.05,
        "subsample": 1.0,
        "reg_lambda": 1,
        "objective": "reg:squarederror",
        "random_state": 42,
        "verbosity": 0
      },
      "test_metrics": {
        "RMSE": 0.30984351010418026,
        "MAE": 0.258487609863284,
        "R2": -9.698873811974055,
        "MAPE(%)": 0.3308711579893842
      },
      "pc_importances": {
        "PC1": 0.5215350985527039,
        "PC2": 0.40324917435646057,
        "PC3": 0.05179081857204437,
        "PC4": 0.00020888831932097673,
        "PC5": 0.007811396382749081,
        "PC6": 1.4440480299526826e-05,
        "PC7": 0.015029847621917725,
        "PC8": 0.0003603535005822778
      },
      "cv_mean_rmse": 1.2258589298047187,
      "cv_fold_rmses": [
        0.9582664692409234,
        1.0140847053618518,
        2.0695841426264314,
        0.8615004019896675
      ]
    }
  ]
}