year,life_exp,gdp_per_capita,health_exp_gdp,health_exp_percap,pm25,urban_pop_pct,pop_65_plus_pct,unemployment,med_beds,infant_mortality,total_fertility,life_exp_next_year,gdp_per_capita_lag1,health_exp_gdp_lag1,health_exp_percap_lag1,pm25_lag1,urban_pop_pct_lag1,pop_65_plus_pct_lag1,unemployment_lag1,med_beds_lag1,infant_mortality_lag1,total_fertility_lag1,gdp_per_capita_pct_change,health_exp_gdp_pct_change,health_exp_percap_pct_change,pm25_pct_change,urban_pop_pct_pct_change,pop_65_plus_pct_pct_change,unemployment_pct_change,med_beds_pct_change,infant_mortality_pct_change,total_fertility_pct_change
2015,76.975,8175.33285077393,4.85367584,393.09768677,50.832537964484,57.3297843933105,10.053420914992,4.65,3.82,8.2,1.67,77.214,7686.57792954381,4.69880247,362.28695679,54.5688342973092,55.7502555847168,9.6661987378912,4.63,3.57,8.9,1.769,0.0635855026398108,0.0329601788942619,0.085045098650514,-0.0684694181383575,0.0283322254225988,0.0400594057292553,0.0043196544276458,0.0700280112044817,-0.0786516853932585,-0.0559638213680044
2016,77.214,8679.37704460133,4.88338089,398.17489624,46.8324682508133,58.8399238586426,10.4907994645602,4.56,4.05,7.6,1.772,77.235,8175.33285077393,4.85367584,393.09768677,50.832537964484,57.3297843933105,10.053420914992,4.65,3.82,8.2,1.67,0.061654271823279,0.0061201141112876,0.0129158976022432,-0.0786911272552531,0.0263412723650207,0.0435054448895069,-0.0193548387096775,0.0602094240837696,-0.073170731707317,0.0610778443113773
2017,77.235,9221.51403820573,4.9695034,439.94006348,45.8369336166997,60.2402687072754,10.9809606634325,4.47,4.33,7.0,1.795,77.709,8679.37704460133,4.88338089,398.17489624,46.8324682508133,58.8399238586426,10.4907994645602,4.56,4.05,7.6,1.772,0.0624626618729067,0.0176358371259466,0.1048915128361733,-0.0212573599320446,0.0237992294483078,0.046722959534986,-0.0197368421052631,0.0691358024691359,-0.0789473684210525,0.0129796839729119
2018,77.709,9798.6528523316,5.06933308,504.10980225,40.2663875187565,61.5001983642578,11.5162092042497,4.31,4.59,6.4,1.539,77.94,9221.51403820573,4.9695034,439.94006348,45.8369336166997,60.2402687072754,10.9809606634325,4.47,4.33,7.0,1.795,0.0625861232477356,0.0200884619577883,0.1458601843678579,-0.1215296412392143,0.0209150736545475,0.0487433255816698,-0.0357941834451901,0.0600461893764434,-0.0857142857142856,-0.1426183844011141
