year,life_exp,gdp_per_capita,health_exp_gdp,health_exp_percap,pm25,urban_pop_pct,pop_65_plus_pct,unemployment,med_beds,infant_mortality,total_fertility,life_exp_next_year,gdp_per_capita_lag1,health_exp_gdp_lag1,health_exp_percap_lag1,pm25_lag1,urban_pop_pct_lag1,pop_65_plus_pct_lag1,unemployment_lag1,med_beds_lag1,infant_mortality_lag1,total_fertility_lag1,gdp_per_capita_pct_change,health_exp_gdp_pct_change,health_exp_percap_pct_change,pm25_pct_change,urban_pop_pct_pct_change,pop_65_plus_pct_pct_change,unemployment_pct_change,med_beds_pct_change,infant_mortality_pct_change,total_fertility_pct_change
2011,75.889,6275.90956436258,4.26719379,239.19824219,51.34994369566,51.8300285339355,8.85916872860311,4.55,2.72,11.5,1.668,76.2,5764.86534987407,4.15821123,188.87156677,47.4765519945183,49.2340270628041,8.66147143784386,4.53,2.51,12.5,1.687,0.088648074755063,0.0262090004504174,0.2664597762419463,0.0815853624245697,0.0527277906359329,0.0228249082361997,0.0044150110375273,0.0836653386454184,-0.0799999999999999,-0.011262596324837
2012,76.2,6723.19443752823,4.49046612,284.69760132,48.1207251131123,53.1003112792969,9.08920186808881,4.58,3.04,10.5,1.798,76.452,6275.90956436258,4.26719379,239.19824219,51.34994369566,51.8300285339355,8.85916872860311,4.55,2.72,11.5,1.668,0.0712701272347093,0.0523229881247084,0.1902161099238302,-0.0628865067834656,0.0245086252370032,0.025965544458252,0.0065934065934065,0.1176470588235294,-0.0869565217391304,0.0779376498800961
2013,76.452,7198.06876478162,4.63882637,329.08572388,58.4662215596184,54.4900016784668,9.3562686156071,4.6,3.32,9.7,1.714,76.714,6723.19443752823,4.49046612,284.69760132,48.1207251131123,53.1003112792969,9.08920186808881,4.58,3.04,10.5,1.798,0.0706322465705717,0.0330389420686689,0.1559132298768748,0.2149904520804295,0.0261710405398643,0.0293828601668459,0.0043668122270741,0.0921052631578946,-0.0761904761904762,-0.0467185761957731
2014,76.714,7686.57792954381,4.69880247,362.28695679,54.5688342973092,55.7502555847168,9.6661987378912,4.63,3.57,8.9,1.769,76.975,7198.06876478162,4.63882637,329.08572388,58.4662215596184,54.4900016784668,9.3562686156071,4.6,3.32,9.7,1.714,0.0678666987945912,0.0129291538885514,0.100889313940907,-0.0666604948694179,0.0231281678735573,0.0331253980638295,0.0065217391304348,0.0753012048192771,-0.0824742268041236,0.0320886814469076
