year,life_exp,gdp_per_capita,health_exp_gdp,health_exp_percap,pm25,urban_pop_pct,pop_65_plus_pct,unemployment,med_beds,infant_mortality,total_fertility,life_exp_next_year,gdp_per_capita_lag1,health_exp_gdp_lag1,health_exp_percap_lag1,pm25_lag1,urban_pop_pct_lag1,pop_65_plus_pct_lag1,unemployment_lag1,med_beds_lag1,infant_mortality_lag1,total_fertility_lag1,gdp_per_capita_pct_change,health_exp_gdp_pct_change,health_exp_percap_pct_change,pm25_pct_change,urban_pop_pct_pct_change,pop_65_plus_pct_pct_change,unemployment_pct_change,med_beds_pct_change,infant_mortality_pct_change,total_fertility_pct_change
2003,73.385,2857.0373538115,4.35460472,56.54468155,51.2610436241453,40.5302314758301,7.57962663220469,4.58,1.75,23.5,1.57,73.727,2610.72960252379,4.32156181,49.92394638,50.9679256961335,39.0897827148438,7.40162875834336,4.24,1.73,25.6,1.566,0.0943444127839223,0.0076460574793906,0.1326164225801736,0.0057510272197331,0.0368497510332619,0.024048473609364,0.080188679245283,0.0115606936416186,-0.08203125,0.0025542784163474
2004,73.727,3127.86276523632,4.22949076,64.28150177,51.4496229654785,41.7600135803223,7.73725110121901,4.49,1.82,21.3,1.605,74.085,2857.0373538115,4.35460472,56.54468155,51.2610436241453,40.5302314758301,7.57962663220469,4.58,1.75,23.5,1.57,0.0947923943183726,-0.0287314160629487,0.1368266653541707,0.0036788041756599,0.030342341006011,0.0207958091688311,-0.019650655021834,0.04,-0.0936170212765957,0.0222929936305731
2005,74.085,3465.81734409951,4.11230803,73.00266266,51.4758839441727,42.9899978637695,7.88962840533466,4.52,1.87,19.4,1.624,74.404,3127.86276523632,4.22949076,64.28150177,51.4496229654785,41.7600135803223,7.73725110121901,4.49,1.82,21.3,1.605,0.108046485485004,-0.0277061085245164,0.1356713930113893,0.0005104212077866,0.0294536370559701,0.0196939846105865,0.0066815144766145,0.0274725274725275,-0.0892018779342723,0.0118380062305296
2006,74.404,3883.35412942474,3.88655019,82.48256683,50.9696705667541,44.3430099487305,8.05386346846253,4.43,1.94,17.7,1.644,74.789,3465.81734409951,4.11230803,73.00266266,51.4758839441727,42.9899978637695,7.88962840533466,4.52,1.87,19.4,1.624,0.120472818925694,-0.0548980860268875,0.1298569644528087,-0.0098339909610413,0.0314727181250051,0.0208165777512183,-0.0199115044247787,0.0374331550802138,-0.0876288659793814,0.0123152709359604
