year,life_exp,gdp_per_capita,health_exp_gdp,health_exp_percap,pm25,urban_pop_pct,pop_65_plus_pct,unemployment,med_beds,infant_mortality,total_fertility,life_exp_next_year,gdp_per_capita_lag1,health_exp_gdp_lag1,health_exp_percap_lag1,pm25_lag1,urban_pop_pct_lag1,pop_65_plus_pct_lag1,unemployment_lag1,med_beds_lag1,infant_mortality_lag1,total_fertility_lag1,gdp_per_capita_pct_change,health_exp_gdp_pct_change,health_exp_percap_pct_change,pm25_pct_change,urban_pop_pct_pct_change,pop_65_plus_pct_pct_change,unemployment_pct_change,med_beds_pct_change,infant_mortality_pct_change,total_fertility_pct_change
2007,74.789,4409.75700836878,3.61737728,98.5569458,49.8862602874654,45.8892440795898,8.21258625792709,4.35,2.02,16.1,1.666,74.833,3883.35412942474,3.88655019,82.48256683,50.9696705667541,44.3430099487305,8.05386346846253,4.43,1.94,17.7,1.644,0.1355536635084109,-0.06925754122321,0.1948821379811076,-0.0212559796294892,0.0348698505727749,0.0197076583289608,-0.018058690744921,0.0412371134020619,-0.0903954802259885,0.0133819951338198
2008,74.833,4811.47471804961,3.83627748,133.83999634,48.6560235019206,46.9895057678223,8.35535290441098,4.59,2.16,14.8,1.701,75.317,4409.75700836878,3.61737728,98.5569458,49.8862602874654,45.8892440795898,8.21258625792709,4.35,2.02,16.1,1.666,0.0910974706584637,0.0605135110485353,0.3579965902311881,-0.0246608340343745,0.0239764613756596,0.017383883955689,0.0551724137931035,0.0693069306930693,-0.0807453416149068,0.0210084033613446
2009,75.317,5237.76666540352,4.27631998,164.87619019,47.7093306057335,48.3417053222656,8.49817888668038,4.72,2.32,13.6,1.714,75.668,4811.47471804961,3.83627748,133.83999634,48.6560235019206,46.9895057678223,8.35535290441098,4.59,2.16,14.8,1.701,0.0885990205362055,0.114705597364662,0.2318902771870772,-0.0194568488760642,0.0287766285758481,0.0170939496994793,0.028322440087146,0.0740740740740739,-0.0810810810810811,0.0076425631981187
2010,75.668,5764.86534987407,4.15821123,188.87156677,47.4765519945183,49.2340270628041,8.66147143784386,4.53,2.51,12.5,1.687,75.889,5237.76666540352,4.27631998,164.87619019,47.7093306057335,48.3417053222656,8.49817888668038,4.72,2.32,13.6,1.714,0.1006342432075373,-0.0276192498579117,0.1455357292787285,-0.0048791003407459,0.0184586318291819,0.0192150051606252,-0.0402542372881354,0.0818965517241379,-0.0808823529411764,-0.0157526254375728
