year,life_exp,gdp_per_capita,health_exp_gdp,health_exp_percap,pm25,urban_pop_pct,pop_65_plus_pct,unemployment,med_beds,infant_mortality,total_fertility,life_exp_next_year,gdp_per_capita_lag1,health_exp_gdp_lag1,health_exp_percap_lag1,pm25_lag1,urban_pop_pct_lag1,pop_65_plus_pct_lag1,unemployment_lag1,med_beds_lag1,infant_mortality_lag1,total_fertility_lag1,gdp_per_capita_pct_change,health_exp_gdp_pct_change,health_exp_percap_pct_change,pm25_pct_change,urban_pop_pct_pct_change,pop_65_plus_pct_pct_change,unemployment_pct_change,med_beds_pct_change,infant_mortality_pct_change,total_fertility_pct_change
2019,77.94,10356.4804194995,4.98664325375,538.99157715,44.741726515143455,62.7099151611328,12.0613659717192,4.56,4.82,6.0,1.496,78.019,9798.6528523316,4.859343078749999,504.10980225,45.49734930835027,61.5001983642578,11.5162092042497,4.31,4.116250000000001,6.4,1.539,0.0569290060148588,0.0386314307837907,0.0691947959438832,-0.06468409961088672,0.0196701283743834,0.0473382132784048,0.0580046403712297,0.0501089324618737,-0.0625,-0.027940220922677
2020,78.019,10573.6420059282,4.98664325375,582.95092773,44.741726515143455,63.5234230266258,12.143161559055157,5.0,4.891249999999999,5.5,1.35675,78.117,10356.4804194995,4.859343078749999,538.99157715,45.49734930835027,62.7099151611328,11.54493270532054,4.56,4.116250000000001,6.0,1.496,0.03387842872431716,0.0454400827390777,0.081558511196857,-0.06468409961088672,0.0129725556700674,0.04794271880276606,0.0964912280701755,0.0373443983402488,-0.0833333333333333,-0.06332814184057386
2021,78.117,11469.5707134928,4.98664325375,619.31769371875,44.741726515143455,64.721076965332,12.143161559055157,4.55,4.891249999999999,5.1,1.35675,78.202,10573.6420059282,4.859343078749999,548.919467934375,45.49734930835027,63.5234230266258,11.54493270532054,5.0,4.116250000000001,5.5,1.3661249999999998,0.0847322717245664,-0.0451482996558634,0.1497691148378062,0.0,0.0188537374348389,0.0443252585716269,-0.09,0.04,-0.0727272727272727,-0.06332814184057386
2022,78.202,11830.5983703496,4.98664325375,619.31769371875,44.741726515143455,65.2176361083984,12.143161559055157,4.98,4.891249999999999,4.8,1.35675,77.953,11469.5707134928,4.859343078749999,548.919467934375,45.49734930835027,64.721076965332,11.54493270532054,4.55,4.116250000000001,5.1,1.3661249999999998,0.03387842872431716,0.08260740264195712,0.1270807336964619,0.0,0.0076722941945539,0.0436317287773431,0.0945054945054946,0.0346153846153844,-0.0588235294117647,-0.06332814184057386
