Metric,Random Forest,XGBoost
RMSE,1.039817,0.799156
MAE,1.026638,0.793522
R2,-119.494368,-70.17315
MAPE(%),0.013147,0.010162
