year,y_true,y_pred
2019,78.019,77.15649999999988
2020,78.117,77.08731999999989
2021,78.202,76.9090599999999
2022,77.953,77.0315699999999
