year,y_true,y_pred
2019,78.019,77.1452199999999
2020,78.117,77.05424999999993
2021,78.202,76.9006999999999
2022,77.953,76.9992199999999
