year,y_true,y_pred
2019,78.019,77.27923
2020,78.117,77.27923
2021,78.202,77.27923
2022,77.953,77.27923
