{
  "model": "Linear Regression",
  "params": {},
  "test_metrics": {
    "RMSE": 1.501642841596037,
    "MAE": 1.1845069494764964,
    "R2": -250.29656810544822,
    "MAPE(%)": 1.5169722957913638
  },
  "coefficients": {
    "intercept": 73.35247303824315,
    "life_exp": 3.304739961151634,
    "gdp_per_capita": 0.35908948016288406,
    "health_exp_gdp": -0.5111872482506602,
    "health_exp_percap": -0.7830944896837015,
    "pm25": 0.06695528879176758,
    "urban_pop_pct": -8.782786227789916,
    "pop_65_plus_pct": 5.982975708239312,
    "unemployment": 1.324626197712453,
    "med_beds": 0.6794962366418171,
    "infant_mortality": 0.43958261323197473,
    "total_fertility": 0.3529866648289341,
    "gdp_per_capita_lag1": -1.5621307521371681,
    "health_exp_gdp_lag1": 0.46724272476679046,
    "health_exp_percap_lag1": 1.0802612194686285,
    "pm25_lag1": -0.11139899672390195,
    "urban_pop_pct_lag1": 5.112832221248858,
    "pop_65_plus_pct_lag1": -3.204580525077394,
    "unemployment_lag1": -0.9763794297958615,
    "med_beds_lag1": -0.48559416904017344,
    "infant_mortality_lag1": -0.3523849440557005,
    "total_fertility_lag1": -0.09366418472378969,
    "gdp_per_capita_pct_change": -0.20254795427257608,
    "health_exp_gdp_pct_change": 0.31692098134343405,
    "health_exp_percap_pct_change": 0.1710101955810347,
    "pm25_pct_change": -0.19781547410853767,
    "urban_pop_pct_pct_change": 0.7422934992372255,
    "pop_65_plus_pct_pct_change": -0.08257430908907629,
    "unemployment_pct_change": -0.3168082286911328,
    "med_beds_pct_change": 0.18450463192196956,
    "infant_mortality_pct_change": -0.40249373568024943,
    "total_fertility_pct_change": -0.29625820880290843
  }
}