{
  "model": "Random Forest",
  "tag": "pca_all",
  "n_components_requested": 8,
  "n_components_actual": 8,
  "best_params": {
    "n_estimators": 100,
    "max_depth": 3,
    "min_samples_leaf": 1,
    "random_state": 42,
    "n_jobs": -1
  },
  "test_metrics": {
    "RMSE": 0.6682198477696778,
    "MAE": 0.6655870595238405,
    "R2": -48.76133229728549,
    "MAPE(%)": 0.8524316751908722
  },
  "pc_importances": {
    "PC1": 0.8054037526762863,
    "PC2": 0.09407623264163671,
    "PC3": 0.01222454057931199,
    "PC4": 0.008360641420140718,
    "PC5": 0.003927418665543644,
    "PC6": 0.022467109280334494,
    "PC7": 0.044764233621764196,
    "PC8": 0.008776071114982008
  }
}