{
  "model": "Random Forest",
  "tag": "pca_no_life_exp",
  "n_components_requested": 8,
  "n_components_actual": 8,
  "best_params": {
    "n_estimators": 100,
    "max_depth": 5,
    "min_samples_leaf": 1,
    "random_state": 42,
    "n_jobs": -1
  },
  "test_metrics": {
    "RMSE": 0.697282255528679,
    "MAE": 0.6935875000001168,
    "R2": -53.18392782667034,
    "MAPE(%)": 0.8882841479792314
  },
  "pc_importances": {
    "PC1": 0.7690393699327605,
    "PC2": 0.09789216064559261,
    "PC3": 0.015625447556599784,
    "PC4": 0.008477197500598208,
    "PC5": 0.007024987299952386,
    "PC6": 0.05263842117592829,
    "PC7": 0.04109489079134552,
    "PC8": 0.008207525097222631
  }
}